model,train_mae,train_rmse,train_r2,test_mae,test_rmse,test_r2,chrono_test_mae,chrono_test_rmse,chrono_test_r2,cv_mae,cv_rmse,cv_r2,robust_mae
RandomForest,2.033577681406964,2.8819838731223273,0.9828167935549155,2.924983005793411,4.250943094692312,0.9635923060860458,2.744660463340504,4.031018764558953,0.9617516309399663,2.8964854359243017,4.202356252712514,0.9634275305584861,2.855376301686072
GradientBoosting,2.920345666031913,4.1126424833558515,0.9650084621160149,3.094757638756914,4.38698396214136,0.9612247432536536,2.9139500667520477,4.198334199438042,0.9585105865583069,3.007972894691489,4.2716813721647835,0.9622247636728825,3.005560200066817
LinearRegression,4.387591210006905,6.051052693149099,0.9242499393338456,4.435293618007526,6.113400505842367,0.9247011600028459,4.118447615383544,5.699744190170447,0.9235294857519363,4.392297802964431,6.057716885732039,0.9240490894454952,4.315346345451833
