model,train_mae,train_rmse,train_r2,test_mae,test_rmse,test_r2,chrono_test_mae,chrono_test_rmse,chrono_test_r2,cv_mae,cv_rmse,cv_r2,robust_mae
RandomForest,1.7064570695750214,2.3598253126894155,0.9812563233248657,2.5637571432029973,3.5419759232125223,0.9555577330291523,2.644924125224848,3.636659286352151,0.9542178419826745,2.63812782587626,3.706355097091985,0.953696048966614,2.615603031434702
GradientBoosting,2.463440652567416,3.2979960736089278,0.9633903697917453,2.6379892386759867,3.6058870923882256,0.9539394369649684,2.640662979722073,3.605172971132251,0.9550071769294228,2.6946729196605252,3.7037141037394576,0.9537285308295189,2.657775046019528
LinearRegression,3.668189368530028,5.0542171127456985,0.914018926855167,3.6797963226054002,4.9591035229305795,0.9128813085976631,3.8235443030254666,5.186015079237251,0.906898091982506,3.681185898030216,5.0691280932631235,0.9133681392462825,3.7281755078870273
