model,train_mae,train_rmse,train_r2,test_mae,test_rmse,test_r2,chrono_test_mae,chrono_test_rmse,chrono_test_r2,cv_mae,cv_rmse,cv_r2,robust_mae
RandomForest,2.0338985904109976,2.877894767534999,0.9828655197806965,2.9173881890980433,4.24355417458815,0.9637187626101817,2.737113653929528,4.026624043111935,0.9618349842107321,2.891650310250264,4.192011867139175,0.9636098566743542,2.8487173844259446
GradientBoosting,2.916989377986625,4.109830324128587,0.9650562990645235,3.092179142434261,4.381655362691976,0.96131888188309,2.9262482375882324,4.218436365342176,0.9581123220337701,3.0034643696478214,4.26097945258646,0.9624165259581321,3.007297249890105
LinearRegression,4.3881706384064,6.046695779435337,0.9243589840496942,4.439444559803168,6.1096202204915455,0.9247942548665,4.122653181948025,5.700011050666543,0.9235223249263229,4.392805279977891,6.053326187257104,0.9241596851688314,4.318301007243028
