model,train_mae,train_rmse,train_r2,test_mae,test_rmse,test_r2,chrono_test_mae,chrono_test_rmse,chrono_test_r2,cv_mae,cv_rmse,cv_r2,robust_mae
ExtraTrees,0.6143932452280757,0.8636759370185436,0.9974542760599786,2.1783082546548127,3.0772688028140847,0.9663061594076153,2.260111993093244,3.173994844247445,0.9650404515189621,2.153409876144063,3.0198355894370654,0.9688327806210912,2.19727670796404
RandomForest,1.4287531846818753,2.015852698029163,0.9861315713811046,2.2463865142438935,3.144569851284794,0.9648162487607195,2.3503925746632635,3.310523915785143,0.9619682035286236,2.249751866576424,3.177270945928324,0.9655080543648685,2.2821769851611937
GradientBoosting,2.182379950685941,2.941978038979963,0.97046149438772,2.354991144276093,3.2077089895741406,0.9633891702943297,2.4540236156553203,3.372033465764982,0.9605418124062193,2.355393840736242,3.2516181451772077,0.9638700750515868,2.3881362002225517
LinearRegression,3.322333457583872,4.666738234068424,0.9256747207800217,3.2721196260613956,4.496419375882658,0.9280628430322346,3.529867380659849,4.945909178805055,0.9151121263032161,3.3304580620772257,4.680266087859428,0.925166426308291,3.37748168959949
